model_label,model_key,prompt_mode,simple_accuracy,complex_accuracy,overall_accuracy,simple_avg_output_tokens,complex_avg_output_tokens,overall_avg_output_tokens,length_gap,simple_correct,complex_correct,overall_correct,simple_count,complex_count,overall_count,adapter_path
Base direct,base_direct,direct,0.2463768115942029,0.10256410256410256,0.19444444444444445,21.47826086956522,32.41025641025641,25.425925925925927,10.93199554069119,17,4,21,69,39,108,
Base cot,base_cot,cot,0.18840579710144928,0.05128205128205128,0.1388888888888889,87.57971014492753,117.48717948717949,98.37962962962963,29.907469342251957,13,2,15,69,39,108,
SFT-CoT,sft_cot,default,0.2028985507246377,0.1282051282051282,0.17592592592592593,59.47826086956522,142.97435897435898,89.62962962962963,83.49609810479376,14,5,19,69,39,108,/home/ym3447/学霸学渣SFT+DPO/outputs/sft_cot_qwen25_3b/checkpoint-80
SFT-NoCoT,sft_nocot,default,0.2608695652173913,0.1282051282051282,0.21296296296296297,9.08695652173913,29.333333333333332,16.39814814814815,20.246376811594203,18,5,23,69,39,108,/home/ym3447/学霸学渣SFT+DPO/outputs/sft_nocot_qwen25_3b/checkpoint-80
DPO-Adaptive,dpo_adaptive,default,0.10144927536231885,0.10256410256410256,0.10185185185185185,82.6086956521739,145.97435897435898,105.49074074074075,63.36566332218507,7,4,11,69,39,108,/home/ym3447/学霸学渣SFT+DPO/outputs/dpo_adaptive_qwen25_3b/checkpoint-40
